{"cameraMode":{"drawMode":0,"name":"Shaded","section":"Shading Mode"},"sceneLighting":true,"audioPlay":false,"sceneViewState":{"m_AlwaysRefresh":false,"showFog":true,"showSkybox":true,"showFlares":true,"showImageEffects":true,"showParticleSystems":true,"showVisualEffectGraphs":true,"m_FxEnabled":true},"in2DMode":false,"pivot":{"x":0.08800889551639557,"y":3.9010584354400636,"z":1.8857979774475098},"rotation":{"x":0.15346881747245789,"y":-0.06295668333768845,"z":0.007733550388365984,"w":0.9864843487739563},"size":0.0375802181661129,"orthographic":false}