{"cameraMode":{"drawMode":0,"name":"Shaded","section":"Shading Mode"},"sceneLighting":true,"audioPlay":false,"sceneViewState":{"m_AlwaysRefresh":false,"showFog":true,"showSkybox":true,"showFlares":true,"showImageEffects":true,"showParticleSystems":true,"showVisualEffectGraphs":true,"m_FxEnabled":true},"in2DMode":false,"pivot":{"x":0.15595045685768128,"y":1.3230583667755128,"z":1.8883801698684693},"rotation":{"x":-0.004088697489351034,"y":0.991075873374939,"z":-0.1337004154920578,"w":-0.029083019122481347},"size":0.9832598567008972,"orthographic":false}